title,author,new_author,genre,sub_genre,age_range,rating,publication_year,format,page_count,audio_length,word_count,start_date,end_date,days_to_read,publisher,imprint,author_gender,author_bipoc,tags,standalone,series_start,series_continued,series_finished,queer_characters,queer_rep,cry,review,arc,re_read,subscription,month_read,recommended_by,is_gifted,physical_own,acquired_from
The Last Murder at the End of the World,Stuart Turton,FALSE,Mystery/Thriller,Science Fiction,Adult,4,2024,Hardcover,354,,,31-Dec,1-Jan,2,Penguin Random House,Sourcebooks Landmark,Male,,,Standalone,,,,No,,,,,,,January,,No,TRUE,Erica
The Will of the Many,James Islington,TRUE,Fantasy,,Adult,4.5,2023,Hardcover,630,,,1-Jan,3-Jan,3,Penguin Random House,Saga,Male,,,,Series Start,,,No,,,,,,,January,,No,TRUE,
"Hey, Hun: Sales, Sisterhood, Supremacy, and the Other Lies Behind Multilevel Marketing",Emily Lynn Paulson,TRUE,Non-Fiction,Memoir,Adult,3.5,2023,"Hardcover, Audiobook",384,10:58:00,,3-Jan,4-Jan,2,Independent,Row House,Female,,,Standalone,,,,No,,,,,,,January,,,TRUE,
Open Throat,Henry Hoke,TRUE,Fiction,Speculative Fiction,Adult,4.25,2023,Hardcover,160,,,4-Jan,4-Jan,1,Macmillan,"Farrar, Straus & Giroux",Male,,,Standalone,,,,Yes - Main & Side,,,,,,,January,,,TRUE,
The Hitchhiker's Guide to the Galaxy,Douglas Adams,TRUE,Fantasy,,Adult,4.5,1979,Paperback,216,,,5-Jan,6-Jan,2,Penguin Random House,Del Rey,Male,,,,Series Start,,,No,,,,,,,January,,,TRUE,
Wandering Stars,Tommy Orange,FALSE,Fiction,,Adult,4,2024,"Paperback, Audiobook",336,9:37:00,,30-Dec,7-Jan,9,Penguin Random House,Knopf,Male,YES,,,,,Series Finished,Yes - Side,,,,,,,January,,,TRUE,
Murder on the Orient Express,Agatha Christie,TRUE,Mystery/Thriller,,Adult,4,1934,"Paperback, Audiobook",288,6:13:00,,8-Jan,9-Jan,2,HarperCollins,,Female,,,Standalone,,,,No,,,,,,,January,,,TRUE,
The Hobbit,JRR Tolkien,FALSE,Fantasy,,Adult,4.5,1937,"Paperback, Audiobook",306,10:25:00,,9-Jan,11-Jan,3,Penguin Random House,Ballantine Books,Male,,,Standalone,,,,No,,Yes,,,,,January,,,TRUE,
Family Meal,Bryan Washington,TRUE,Fiction,,Adult,2.5,2023,Paperback,368,,,11-Jan,11-Jan,1,Penguin Random House,Riverhead Books,Male,YES,,Standalone,,,,Yes - Main & Side,,,,,,,January,,,TRUE,
Mistborn,Brandon Sanderson,FALSE,Fantasy,,Adult,4,2006,"Paperback, Audiobook",647,24:40:00,,11-Jan,17-Jan,7,Macmillan,Tor,Male,,,,Series Start,,,No,,,,,,,January,,,TRUE,
Acceptance,Jeff VanderMeer,FALSE,Sci-Fi,Dystopian,Adult,4,2014,"Paperback, Audiobook",368,9:55:00,,11-Jan,20-Jan,10,Macmillan,"Farrar, Straus & Giroux",Male,,,,,Series Continued,,Yes - Side,,,,,,,January,,,TRUE,
Mad Ship,Robin Hobb,FALSE,Fantasy,,Adult,4.5,2010,"Paperback, Audiobook",854,33:57:00,,18-Jan,25-Jan,8,HarperCollins,Harper Voyager,Female,,,,,Series Continued,,Yes - Side,,,,,,,January,,,TRUE,
Anxious People,Fredrik Backman,FALSE,Fiction,,Adult,4,2019,Hardcover,341,,,25-Jan,26-Jan,2,Simon & Schuster,Atria Books (Kohlberg Kravis Roberts),Male,,,Standalone,,,,Yes - Main,,Yes,,,,,January,,,TRUE,
The Reappearance of Rachel Price,Holly Jackson,FALSE,Mystery/Thriller,,Young Adult,3.25,2024,"Hardcover, e-book",448,,,26-Jan,28-Jan,3,Penguin Random House,Delacorte Press,Female,,,Standalone,,,,No,,,,,,,January,,,TRUE,
Onyx Storm,Rebecca Yarros,FALSE,Fantasy,Romance,New Adult,2.5,2025,e-book,779,,,28-Jan,1-Feb,5,Independent,Entangled Publishing,Female,,,,,Series Continued,,Yes - Side,,,,,,,February,,,TRUE,
The Mothers,Brit Bennett,FALSE,Fiction,,Adult,3.5,2016,"Paperback, Audiobook",278,9:55:00,,30-Jan,1-Feb,3,Penguin Random House,Riverhead Books,Female,YES,,Standalone,,,,Yes - Side,,,,,,,February,,,TRUE,
The Murder of Roger Ackroyd,Agatha Christie,FALSE,Mystery/Thriller,,Adult,3.5,1926,Paperback,288,,,1-Feb,2-Feb,2,Penguin Random House,Vintage,Female,,,Standalone,,,,No,,,,,,,February,,,TRUE,
The Obelisk Gate,N.K. Jemisin,FALSE,Fantasy,,Adult,5,2016,Paperback,433,,,2-Feb,4-Feb,3,Hachette Book Group,Orbit,Female,YES,,,,Series Continued,,Yes - Side,,,,,,,February,,,TRUE,
The Heaven & Earth Grocery Store,James McBride,TRUE,Fiction,,Adult,4.5,2023,e-book,400,,,4-Feb,6-Feb,3,Penguin Random House,Riverhead Books,Male,YES,,Standalone,,,,No,,Yes,,,,,February,,,TRUE,Anthony
Giovanni's Room,James Baldwin,TRUE,Fiction,Classics,Adult,4.5,1956,Paperback,169,,,6-Feb,7-Feb,2,Penguin Random House,Vintage,Male,YES,,Standalone,,,,Yes - Main,,,,,,,February,,,TRUE,
The Three-Body Problem,Cixin Liu,TRUE,Sci-Fi,,Adult,4,2006,Paperback,434,,,7-Feb,12-Feb,6,Independent,Head of Zeus,Male,YES,,,Series Start,,,No,,,,,,,February,,,TRUE,Carl
All the Sinners Bleed,S.A. Cosby,TRUE,Mystery/Thriller,,Adult,5,2023,Audiobook,,13:05:00,,9-Feb,14-Feb,6,Macmillan,Flatiron Books,Male,YES,,Standalone,,,,No,,,,,,,February,,,TRUE,
"Girl, Woman, Other",Bernadine Evaristo,TRUE,Fiction,,Adult,4.25,2019,Paperback,453,,,13-Feb,16-Feb,4,Penguin Random House,Hamish Hamilton,Female,YES,,Standalone,,,,Yes - Main & Side,,,,,,,February,,,TRUE,
My Murder,Katie Williams,TRUE,Sci-Fi,Dystopian,Adult,4.5,2023,e-book,304,,,18-Feb,20-Feb,3,Penguin Random House,Riverhead Books,Female,,,Standalone,,,,Yes - Side,,,,,,,February,,,TRUE,
The Pairing,Casey McQuiston,TRUE,Romance,,New Adult,3,2024,Paperback,411,,,16-Feb,22-Feb,7,Macmillan,St. Martin's Press,Non-Binary,,,Standalone,,,,Yes - Main,,,,,,,February,,,TRUE,
The Vacationers,Emma Straub,TRUE,Fiction,,Adult,3.5,2014,Paperback,320,,,20-Feb,25-Feb,6,Penguin Random House,Riverhead Books,Female,,,Standalone,,,,Yes - Main & Side,,,,,,,February,,,TRUE,Green Apple Books Blind Date
Whalefall,Daniel Kraus,TRUE,Fiction,,Adult,3.5,2023,"Paperback, e-book, Audiobook",319,8:09:00,,25-Feb,28-Feb,4,Independent,MTV Books,Male,,,Standalone,,,,No,,,,,,,February,,,TRUE,
Record of a Spaceborn Few,Becky Chambers,FALSE,Sci-Fi,,Adult,5,2023,Paperback,359,,,21-Feb,3-Mar,11,HarperCollins,Harper Voyager,Female,,,,,Series Continued,,Yes - Main & Side,,Yes,,,,,March,,,TRUE,
A Little Devil in America,Hanif Abdurraqib,TRUE,Non-Fiction,,Adult,3.25,2021,"Hardcover, Audiobook",312,9:39:00,,1-Mar,15-Mar,15,Penguin Random House,Random House,Male,YES,,Standalone,,,,No,,,,,,,March,,,TRUE,
The Sunlit Man,Brandon Sanderson,FALSE,Fantasy,,Adult,4.25,2023,"Paperback, e-book",400,,,6-Mar,8-Mar,3,Macmillan,Tor,Male,,,Standalone,,,,No,,,,,,,March,,,TRUE,Green Apple Books Airport
Nothing to See Here,Kevin Wilson,TRUE,Fiction,Speculative,Adult,4.5,2019,Audiobook,312,6:41:00,,4-Mar,9-Mar,6,HarperCollins,Harper Audio,Male,,,Standalone,,,,Yes - Main & Side,,,,,,,March,,,TRUE,
The Road to Roswell,Connie Willis,TRUE,Sci-Fi,,Adult,3.5,2023,"Paperback, Audiobook",399,14:01:00,,10-Mar,16-Mar,7,Penguin Random House,Del Rey,Female,,,Standalone,,,,No,,,,,,,March,,,TRUE,
The Lost World,Michael Crichton,FALSE,Sci-Fi,,Adult,3.5,1995,Paperback,430,,,17-Mar,21-Mar,5,Penguin Random House,Knopf,Male,,,,,Series Continued,,No,,,,,,,March,,,TRUE,
Our Missing Hearts,Celeste Ng,FALSE,Fiction,Dystopian,Adult,4,2022,Audiobook,,9:51:00,,15-Mar,26-Mar,12,Penguin Random House,Penguin Audio,Female,YES,,Standalone,,,,Yes - Side,,,,,,,March,,,TRUE,
Case Study,Graeme Macrae Burnet,TRUE,Fiction,,Adult,4.25,2021,Paperback,288,,,22-Mar,28-Mar,7,Independent,Saraband,Male,,,,,,,Yes - Side,,,,,,,March,,,TRUE,
Sunrise on the Reaping,Suzanne Collins,FALSE,Fiction,Dystopian,Young Adult,4,2025,e-book,382,,,29-Mar,30-Mar,2,Independent,Scholastic Press,Female,,,,,Series Continued,,Yes - Side,,,,,,,March,,,TRUE,
The Adventures of Amina Al-Sirafi,S.A. Chakraborty,TRUE,Fantasy,,Adult,4.5,2023,Paperback,482,,,31-Mar,5-Apr,6,HarperCollins,Harper Voyager,Female,YES,,,Series Start,,,Yes - Main,,,,,,,April,,,TRUE,
Hidden Figures,Margot Lee Shetterly,TRUE,Non-Fiction,,Adult,3.25,2016,Audiobook,,10:47:00,,29-Mar,16-Apr,19,HarperCollins,,Female,YES,,Standalone,,,,No,,,,,,,April,,,FALSE,
Vera Wong's Guide to Snooping (on a Dead Man),Jesse Q. Sutanto,FALSE,Mystery/Thriller,Cozy,Adult,4.25,2025,Paperback,352,,,6-Apr,6-Apr,1,Penguin Random House,Berkley,Female,YES,,,,Series Continued,,No,,,,,,,April,,,TRUE,
Hunger Games,Suzanne Collins,FALSE,Fiction,Dystopian,Young Adult,4,2008,e-book,394,,,6-Apr,8-Apr,3,Independent,Scholastic Press,Female,,,,Series Start,,,No,,,,,,,April,,,FALSE,
Catching Fire,Suzanne Collins,FALSE,Fiction,Dystopian,Young Adult,4.5,2009,e-book,391,,,8-Apr,9-Apr,2,Independent,Scholastic Press,Female,,,,,Series Continued,,No,,,,,,,April,,,FALSE,
Dungeon Crawler Carl,Matt Dinniman,TRUE,Fantasy,,Adult,4.5,2020,e-book,446,,,9-Apr,11-Apr,3,Penguin Random House,Ace,Male,,,,Series Start,,,No,,,,,,,April,,,TRUE,
Carl's Doomsday Scenario,Matt Dinniman,FALSE,Fantasy,,Adult,3.5,2021,e-book,364,,,11-Apr,12-Apr,2,Penguin Random House,Ace,Male,,,,,Series Continued,,No,,,,,,,April,,,TRUE,
The Dungeon Anarchist's Cookbook,Matt Dinniman,FALSE,Fantasy,,Adult,2,2021,e-book,534,,,12-Apr,18-Apr,7,Penguin Random House,Ace,Male,,,,,Series Continued,,No,,,,,,,April,,,TRUE,
Close to Death,Anthony Horowitz,FALSE,Mystery/Thriller,,Adult,2.5,2024,Paperback,432,,,21-Apr,25-Apr,5,HarperCollins,Harper Perennial,Male,,,,,Series Continued,,No,,,,,,,April,,,TRUE,
Between the World and Me,Ta-Nehisi Coates,TRUE,Non-Fiction,Memoir,Adult,4,2015,Audiobook,,3:35:00,,17-Apr,26-Apr,10,Penguin Random House,Random House Audio,Male,YES,,Standalone,,,,No,,,,,,,April,,,FALSE,
The Gate of the Feral Gods,Matt Dinniman,FALSE,Fantasy,,Adult,3.25,2021,"Hardcover, e-book",589,,,19-Apr,3-May,15,Penguin Random House,Ace,Male,,,,,Series Continued,,No,,,,,,,May,,,TRUE,
Now Is Not the Time to Panic,Kevin Wilson,FALSE,Fiction,,Adult,5,2022,"Paperback, Audiobook",246,6:12:00,,4-May,4-May,1,HarperCollins,Ecco,Male,,,Standalone,,,,No,,,,,,,May,,,TRUE,
The God of the Woods,Liz Moore,TRUE,Mystery/Thriller,,Adult,4,2024,"Hardcover, e-book",478,,,5-May,18-May,14,Penguin Random House,Riverhead Books,Female,,,Standalone,,,,Yes - Side,,,,,,,May,,,TRUE,
The Sentence is Death,Anthony Horowitz,FALSE,Mystery/Thriller,,Adult,3,2018,Audiobook,,8:36:00,,7-May,20-May,14,HarperCollins,Harper Audio,Male,,,,,Series Continued,,Yes - Side,,,,,,,May,,,TRUE,
Magic Kingdom for Sale--Sold!,Terry Brooks,FALSE,Fantasy,,Adult,4,1986,Paperback,384,,,18-May,24-May,7,Penguin Random House,Ballantine Books,Male,,,,Series Start,,,No,,,,,,,May,,,TRUE,
The Family Fang,Kevin Wilson,FALSE,Fiction,Speculative,Adult,4.25,2011,Paperback,314,,,24-May,26-May,3,HarperCollins,Ecco,Male,,,Standalone,,,,No,,,,,,,May,,,TRUE,
"The Wager: A Tale of Shipwreck, Mutiny and Murder",David Grann,FALSE,Non-Fiction,,Adult,3.5,2023,Audiobook,,8:28:00,,20-May,1-Jun,13,Penguin Random House,Random House Audio,Male,,,Standalone,,,,No,,,,,,,June,,,TRUE,
"Love & Saffron: A Novel of Friendship, Food, and Love",Kim Fay,TRUE,Fiction,,Adult,4.5,2022,e-book,192,,,1-Jun,4-Jun,4,Penguin Random House,G. P. Putnam's Sons,Female,YES,,Standalone,,,,No,,,,,,,June,,,TRUE,
All Systems Red,Martha Wells,TRUE,Sci-Fi,,Adult,4.5,2017,Paperback,152,,,5-Jun,8-Jun,4,Macmillan,Tom Doherty Associates,Female,,,,Series Start,,,No,,,,,,,June,,,TRUE,
A House with Good Bones,T. Kingfisher,FALSE,Horror,,Adult,4.25,2023,Audiobook,,6:52:00,,1-Jun,9-Jun,9,Macmillan,Macmillan Audio,Female,,,Standalone,,,,No,,,,,,,June,,,TRUE,
Artificial Condition,Martha Wells,FALSE,Sci-Fi,,Adult,4.5,2018,Paperback,158,,,8-Jun,11-Jun,4,Macmillan,Tordotcom,Female,,,,,Series Continued,,Yes - Side,,,,,,,June,,,TRUE,
The Sequel,Jean Hanff Korelitz,FALSE,Mystery/Thriller,,Adult,3.25,2024,Audiobook,,10:18:00,,10-Jun,18-Jun,9,Macmillan,Macmillan Audio,Female,,,,,Series Continued,,No,,,,,,,June,,,FALSE,
The Fire Next Time,James Baldwin,FALSE,Non-Fiction,Memoir,Adult,3.5,1963,Paperback,106,,,11-Jun,19-Jun,9,Penguin Random House,Vintage,Male,YES,,Standalone,,,,Yes - Main,,,,,,,June,,,FALSE,Maggie & Sofia
Marrying the Ketchups,Jennifer Close,TRUE,Fiction,,Adult,4,2022,Paperback,320,,,20-Jun,21-Jun,2,Penguin Random House,Vintage,Female,,,Standalone,,,,Yes - Main,,,,,,,June,,,TRUE,
Bunny,Mona Awad,TRUE,Horror,Speculative,Adult,4,2019,Paperback,305,,,14-Jun,26-Jun,13,Penguin Random House,Penguin Books,Female,,,Standalone,,,,Yes - Main,,,,,,,June,,,TRUE,
Ella Minnow Pea,Mark Dunn,TRUE,Fiction,,Adult,4.5,2001,Paperback,208,,,27-Jun,29-Jun,3,Penguin Random House,Anchor Books,Male,,,Standalone,,,,No,,,,,,,June,,,TRUE,
The Past is Red,Catherynne M. Valente,TRUE,Sci-Fi,,Adult,5,2021,Hardcover,150,,,29-Jun,2-Jul,4,Macmillan,Tordotcom,Female,,,,,,,No,,,,,,,July,,,TRUE,
An American Marriage,Tayari Jones,TRUE,Fiction,,Adult,4.5,2018,Paperback,317,,,2-Jul,6-Jul,5,Hachette Book Group,Algonquin Books,Female,YES,,Standalone,,,,No,,,,,,,July,,,TRUE,
The House on Mango Street,Sandra Cisneros,TRUE,Fiction,Classics,Adult,3.25,1984,Paperback,110,,,6-Jul,8-Jul,3,Penguin Random House,Vintage,Female,YES,,Standalone,,,,Yes - Side,,,,,,,July,,,TRUE,
The Ballad of Perilous Graves,Alex Jennings,TRUE,Fantasy,,Young Adult,2,2022,Audiobook,,17:14:00,,21-Jun,10-Jul,20,Hachette Book Group,Hachette Audio,Male,YES,,Standalone,,,,Yes - Side,,,,,,,July,,,TRUE,
The Joy Luck Club,Amy Tan,TRUE,Fiction,,Adult,4.25,1989,Paperback,329,,,9-Jul,10-Jul,2,Penguin Random House,Penguin Group,Female,YES,,Standalone,,,,No,,,,,,,July,,,TRUE,
The Examiner,Janice Hallett,FALSE,Mystery/Thriller,,Adult,3,2024,Paperback,465,,,10-Jul,12-Jul,3,Independent,Viper,Female,,,Standalone,,,,No,,,,,,,July,,,TRUE,
Sun Damage,Sabine Durrant,TRUE,Mystery/Thriller,,Adult,4,2022,Paperback,400,,,12-Jul,15-Jul,4,HarperCollins,Harper Paperbacks,Female,,,Standalone,,,,No,,,,,,,July,,,TRUE,
The Butcher's Masquerade,Matt Dinniman,FALSE,Fantasy,,Adult,4,2022,e-book,726,,,15-Jul,19-Jul,5,Penguin Random House,Ace,Male,,,,,Series Continued,,No,,,,,,,July,,,TRUE,
Wool,Hugh Howey,TRUE,Sci-Fi,Dystopian,Adult,4.5,2012,Audiobook,,15:00:00,,13-Jul,22-Jul,10,Independent,Blackstone Publishing,Male,,,,Series Start,,,No,,,,,,,July,Sofia,,TRUE,
The Eye of the Bedlam Bride,Matt Dinniman,FALSE,Fantasy,,Adult,3,2023,"Hardcover, e-book",684,,,20-Jul,26-Jul,7,Penguin Random House,Ace,Male,,,,,Series Continued,,No,,,,,,,July,,,TRUE,
The Well of Ascension,Brandon Sanderson,FALSE,Fantasy,,Adult,3.5,2007,Paperback,792,,,27-Jul,30-Jul,4,Macmillan,Tor,Male,,,,,Series Continued,,No,,,,,,,July,,,TRUE,
Rogue Protocol,Martha Wells,FALSE,Sci-Fi,,Adult,3.5,2018,Paperback,158,,,30-Jul,31-Jul,2,Macmillan,Tordotcom,Female,,,,,Series Continued,,No,,,,,,,July,,,TRUE,
Exit Strategy,Martha Wells,FALSE,Sci-Fi,,Adult,4.25,2018,Paperback,172,,,1-Aug,2-Aug,2,Macmillan,Tordotcom,Female,,,,,Series Continued,,Yes - Side,,,,,,,August,,,TRUE,
Shift,Hugh Howey,FALSE,Sci-Fi,Dystopian,Adult,3.25,2013,Audiobook,,14:35:00,,24-Jul,3-Aug,11,Independent,Blackstone Publishing,Male,,,,,Series Continued,,No,,,,,,,August,Sofia,,TRUE,
Six of Crows,Leigh Bardugo,TRUE,Fantasy,,Young Adult,4,2015,Paperback,494,,,2-Aug,3-Aug,2,Hachette Book Group,Orion Childrens Books,Female,,,,Series Start,,,Yes - Main,,,,,,,August,,,TRUE,
Crooked Kingdom,Leigh Bardugo,FALSE,Fantasy,,Young Adult,3.5,2016,Paperback,546,,,4-Aug,7-Aug,4,Hachette Book Group,Orion Childrens Books,Female,,,,,,Series Finished,Yes - Main,,,,,,,August,,,TRUE,
Network Effect,Martha Wells,FALSE,Sci-Fi,,Adult,3.75,2020,"Paperback, Audiobook",350,12:47:00,,4-Aug,14-Aug,11,Macmillan,Tordotcom,Female,,,,,Series Continued,,Yes - Side,,,,,,,August,,,TRUE,
Project Hail Mary,Andy Weir,FALSE,Sci-Fi,,Adult,3.5,2021,Paperback,476,,,15-Aug,21-Aug,7,Penguin Random House,Ballantine Books,Male,,,Standalone,,,,No,,,,,,,August,,,TRUE,
The Hunting Wives,May Cobb,TRUE,Mystery/Thriller,,Adult,2,2021,Paperback,352,,,22-Aug,23-Aug,2,Penguin Random House,Berkley,Female,,,Standalone,,,,Yes - Main,,,,,,,August,,,TRUE,
Beach Read,Emily Henry,FALSE,Romance,,Adult,4.5,2020,Paperback,358,,,23-Aug,23-Aug,1,Penguin Random House,Berkley,Female,,,Standalone,,,,Yes - Side,,,,,,,August,,,TRUE,
Blood Over Bright Haven,M. L. Wang,FALSE,Fantasy,,Adult,4,2023,Paperback,429,,,24-Aug,26-Aug,3,Penguin Random House,Del Ray,Female,,,Standalone,,,,No,,,,,,,August,,,TRUE,
Dust,Hugh Howey,FALSE,Fantasy,Dystopian,Adult,3.5,2013,"Paperback, Audiobook",468,12:37:00,,17-Aug,28-Aug,12,HarperCollins,Brilliance Audio,Male,,,,,,Series Finished,No,,,,,,,August,Sofia,,TRUE,
The Compound,Aisling Rawle,TRUE,Fiction,Dystopian,Adult,4,2025,Hardcover,292,,,29-Aug,30-Aug,2,Penguin Random House,Random House,Female,,,Standalone,,,,Yes - Main,,,,,,,August,,,TRUE,
Pretend I'm Dead,Jen Beagin,TRUE,Fiction,,Adult,3.75,2015,Paperback,256,,,30-Aug,1-Sep,3,Simon & Schuster,Scribner,Female,,,Standalone,,,,Yes - Main,,,,,,,September,,,TRUE,
The Frugal Wizard's Handbook for Surviving Medieval England,Brandon Sanderson,FALSE,Fantasy,,Adult,3.75,2023,Paperback,377,,,1-Sep,2-Sep,2,Hachette Book Group,Gollancz,Male,,,Standalone,,,,No,,,,,,,September,Simone,,TRUE,
,,FALSE,,,,,,,,,,,,1,,,,,,,,,,,,,,,,,,,,FALSE,
,,FALSE,,,,,,,,,,,,1,,,,,,,,,,,,,,,,,,,,FALSE,
,,FALSE,,,,,,,,,,,,1,,,,,,,,,,,,,,,,,,,,FALSE,
,,FALSE,,,,,,,,,,,,1,,,,,,,,,,,,,,,,,,,,FALSE,
,,FALSE,,,,,,,,,,,,1,,,,,,,,,,,,,,,,,,,,FALSE,
,,FALSE,,,,,,,,,,,,1,,,,,,,,,,,,,,,,,,,,FALSE,
,,FALSE,,,,,,,,,,,,1,,,,,,,,,,,,,,,,,,,,FALSE,
,,FALSE,,,,,,,,,,,,1,,,,,,,,,,,,,,,,,,,,FALSE,
,,FALSE,,,,,,,,,,,,1,,,,,,,,,,,,,,,,,,,,FALSE,
,,FALSE,,,,,,,,,,,,1,,,,,,,,,,,,,,,,,,,,FALSE,
,,FALSE,,,,,,,,,,,,1,,,,,,,,,,,,,,,,,,,,FALSE,
,,FALSE,,,,,,,,,,,,1,,,,,,,,,,,,,,,,,,,,FALSE,
,,FALSE,,,,,,,,,,,,1,,,,,,,,,,,,,,,,,,,,FALSE,
,,FALSE,,,,,,,,,,,,1,,,,,,,,,,,,,,,,,,,,FALSE,
,,FALSE,,,,,,,,,,,,1,,,,,,,,,,,,,,,,,,,,FALSE,
,,FALSE,,,,,,,,,,,,1,,,,,,,,,,,,,,,,,,,,FALSE,
,,FALSE,,,,,,,,,,,,1,,,,,,,,,,,,,,,,,,,,FALSE,
,,FALSE,,,,,,,,,,,,1,,,,,,,,,,,,,,,,,,,,FALSE,
,,FALSE,,,,,,,,,,,,1,,,,,,,,,,,,,,,,,,,,FALSE,
,,FALSE,,,,,,,,,,,,1,,,,,,,,,,,,,,,,,,,,FALSE,
,,FALSE,,,,,,,,,,,,1,,,,,,,,,,,,,,,,,,,,FALSE,
,,FALSE,,,,,,,,,,,,1,,,,,,,,,,,,,,,,,,,,FALSE,
,,FALSE,,,,,,,,,,,,1,,,,,,,,,,,,,,,,,,,,FALSE,
,,FALSE,,,,,,,,,,,,1,,,,,,,,,,,,,,,,,,,,FALSE,
,,FALSE,,,,,,,,,,,,1,,,,,,,,,,,,,,,,,,,,FALSE,
,,FALSE,,,,,,,,,,,,1,,,,,,,,,,,,,,,,,,,,FALSE,
,,FALSE,,,,,,,,,,,,1,,,,,,,,,,,,,,,,,,,,FALSE,
,,FALSE,,,,,,,,,,,,1,,,,,,,,,,,,,,,,,,,,FALSE,
,,FALSE,,,,,,,,,,,,1,,,,,,,,,,,,,,,,,,,,FALSE,
,,FALSE,,,,,,,,,,,,1,,,,,,,,,,,,,,,,,,,,FALSE,
,,FALSE,,,,,,,,,,,,1,,,,,,,,,,,,,,,,,,,,FALSE,
,,FALSE,,,,,,,,,,,,1,,,,,,,,,,,,,,,,,,,,FALSE,
,,FALSE,,,,,,,,,,,,1,,,,,,,,,,,,,,,,,,,,FALSE,
,,FALSE,,,,,,,,,,,,1,,,,,,,,,,,,,,,,,,,,FALSE,
,,FALSE,,,,,,,,,,,,1,,,,,,,,,,,,,,,,,,,,FALSE,
,,FALSE,,,,,,,,,,,,1,,,,,,,,,,,,,,,,,,,,FALSE,
,,FALSE,,,,,,,,,,,,1,,,,,,,,,,,,,,,,,,,,FALSE,
,,FALSE,,,,,,,,,,,,1,,,,,,,,,,,,,,,,,,,,FALSE,
,,FALSE,,,,,,,,,,,,1,,,,,,,,,,,,,,,,,,,,FALSE,
,,FALSE,,,,,,,,,,,,1,,,,,,,,,,,,,,,,,,,,FALSE,
,,FALSE,,,,,,,,,,,,1,,,,,,,,,,,,,,,,,,,,FALSE,
,,FALSE,,,,,,,,,,,,1,,,,,,,,,,,,,,,,,,,,FALSE,
,,FALSE,,,,,,,,,,,,1,,,,,,,,,,,,,,,,,,,,FALSE,
,,FALSE,,,,,,,,,,,,1,,,,,,,,,,,,,,,,,,,,FALSE,
,,FALSE,,,,,,,,,,,,1,,,,,,,,,,,,,,,,,,,,FALSE,
,,FALSE,,,,,,,,,,,,1,,,,,,,,,,,,,,,,,,,,FALSE,
,,FALSE,,,,,,,,,,,,1,,,,,,,,,,,,,,,,,,,,FALSE,
,,FALSE,,,,,,,,,,,,1,,,,,,,,,,,,,,,,,,,,FALSE,
,,FALSE,,,,,,,,,,,,1,,,,,,,,,,,,,,,,,,,,FALSE,
,,FALSE,,,,,,,,,,,,1,,,,,,,,,,,,,,,,,,,,FALSE,
,,FALSE,,,,,,,,,,,,1,,,,,,,,,,,,,,,,,,,,FALSE,
,,FALSE,,,,,,,,,,,,1,,,,,,,,,,,,,,,,,,,,FALSE,
,,FALSE,,,,,,,,,,,,1,,,,,,,,,,,,,,,,,,,,FALSE,
,,FALSE,,,,,,,,,,,,1,,,,,,,,,,,,,,,,,,,,FALSE,
,,FALSE,,,,,,,,,,,,1,,,,,,,,,,,,,,,,,,,,FALSE,
,,FALSE,,,,,,,,,,,,1,,,,,,,,,,,,,,,,,,,,FALSE,
,,FALSE,,,,,,,,,,,,1,,,,,,,,,,,,,,,,,,,,FALSE,
,,FALSE,,,,,,,,,,,,1,,,,,,,,,,,,,,,,,,,,FALSE,
,,FALSE,,,,,,,,,,,,1,,,,,,,,,,,,,,,,,,,,FALSE,
,,FALSE,,,,,,,,,,,,1,,,,,,,,,,,,,,,,,,,,FALSE,
,,FALSE,,,,,,,,,,,,1,,,,,,,,,,,,,,,,,,,,FALSE,
,,FALSE,,,,,,,,,,,,1,,,,,,,,,,,,,,,,,,,,FALSE,
,,FALSE,,,,,,,,,,,,1,,,,,,,,,,,,,,,,,,,,FALSE,
,,FALSE,,,,,,,,,,,,1,,,,,,,,,,,,,,,,,,,,FALSE,
,,FALSE,,,,,,,,,,,,1,,,,,,,,,,,,,,,,,,,,FALSE,
,,FALSE,,,,,,,,,,,,1,,,,,,,,,,,,,,,,,,,,FALSE,
,,FALSE,,,,,,,,,,,,1,,,,,,,,,,,,,,,,,,,,FALSE,
,,FALSE,,,,,,,,,,,,1,,,,,,,,,,,,,,,,,,,,FALSE,
,,FALSE,,,,,,,,,,,,1,,,,,,,,,,,,,,,,,,,,FALSE,
,,FALSE,,,,,,,,,,,,1,,,,,,,,,,,,,,,,,,,,FALSE,
,,FALSE,,,,,,,,,,,,1,,,,,,,,,,,,,,,,,,,,FALSE,
,,FALSE,,,,,,,,,,,,1,,,,,,,,,,,,,,,,,,,,FALSE,
,,FALSE,,,,,,,,,,,,1,,,,,,,,,,,,,,,,,,,,FALSE,
,,FALSE,,,,,,,,,,,,1,,,,,,,,,,,,,,,,,,,,FALSE,
,,FALSE,,,,,,,,,,,,1,,,,,,,,,,,,,,,,,,,,FALSE,
,,FALSE,,,,,,,,,,,,1,,,,,,,,,,,,,,,,,,,,FALSE,
,,FALSE,,,,,,,,,,,,1,,,,,,,,,,,,,,,,,,,,FALSE,
,,FALSE,,,,,,,,,,,,1,,,,,,,,,,,,,,,,,,,,FALSE,
,,FALSE,,,,,,,,,,,,1,,,,,,,,,,,,,,,,,,,,FALSE,
,,FALSE,,,,,,,,,,,,1,,,,,,,,,,,,,,,,,,,,FALSE,
,,FALSE,,,,,,,,,,,,1,,,,,,,,,,,,,,,,,,,,FALSE,
,,FALSE,,,,,,,,,,,,1,,,,,,,,,,,,,,,,,,,,FALSE,
,,FALSE,,,,,,,,,,,,1,,,,,,,,,,,,,,,,,,,,FALSE,
,,FALSE,,,,,,,,,,,,1,,,,,,,,,,,,,,,,,,,,FALSE,
,,FALSE,,,,,,,,,,,,1,,,,,,,,,,,,,,,,,,,,FALSE,
,,FALSE,,,,,,,,,,,,1,,,,,,,,,,,,,,,,,,,,FALSE,
,,FALSE,,,,,,,,,,,,1,,,,,,,,,,,,,,,,,,,,FALSE,
,,FALSE,,,,,,,,,,,,1,,,,,,,,,,,,,,,,,,,,FALSE,
,,FALSE,,,,,,,,,,,,1,,,,,,,,,,,,,,,,,,,,FALSE,
,,FALSE,,,,,,,,,,,,1,,,,,,,,,,,,,,,,,,,,FALSE,
,,FALSE,,,,,,,,,,,,1,,,,,,,,,,,,,,,,,,,,FALSE,
,,FALSE,,,,,,,,,,,,1,,,,,,,,,,,,,,,,,,,,FALSE,
,,FALSE,,,,,,,,,,,,1,,,,,,,,,,,,,,,,,,,,FALSE,
,,FALSE,,,,,,,,,,,,1,,,,,,,,,,,,,,,,,,,,FALSE,
,,FALSE,,,,,,,,,,,,1,,,,,,,,,,,,,,,,,,,,FALSE,
,,FALSE,,,,,,,,,,,,1,,,,,,,,,,,,,,,,,,,,FALSE,
,,FALSE,,,,,,,,,,,,1,,,,,,,,,,,,,,,,,,,,FALSE,
,,FALSE,,,,,,,,,,,,1,,,,,,,,,,,,,,,,,,,,FALSE,
,,FALSE,,,,,,,,,,,,1,,,,,,,,,,,,,,,,,,,,FALSE,
,,FALSE,,,,,,,,,,,,1,,,,,,,,,,,,,,,,,,,,FALSE,
,,FALSE,,,,,,,,,,,,1,,,,,,,,,,,,,,,,,,,,FALSE,
,,FALSE,,,,,,,,,,,,1,,,,,,,,,,,,,,,,,,,,FALSE,
,,FALSE,,,,,,,,,,,,1,,,,,,,,,,,,,,,,,,,,FALSE,
,,FALSE,,,,,,,,,,,,1,,,,,,,,,,,,,,,,,,,,FALSE,
,,FALSE,,,,,,,,,,,,1,,,,,,,,,,,,,,,,,,,,FALSE,
,,FALSE,,,,,,,,,,,,1,,,,,,,,,,,,,,,,,,,,FALSE,
,,FALSE,,,,,,,,,,,,1,,,,,,,,,,,,,,,,,,,,FALSE,
,,FALSE,,,,,,,,,,,,1,,,,,,,,,,,,,,,,,,,,FALSE,
,,FALSE,,,,,,,,,,,,1,,,,,,,,,,,,,,,,,,,,FALSE,
,,FALSE,,,,,,,,,,,,1,,,,,,,,,,,,,,,,,,,,FALSE,
,,FALSE,,,,,,,,,,,,1,,,,,,,,,,,,,,,,,,,,FALSE,
,,FALSE,,,,,,,,,,,,1,,,,,,,,,,,,,,,,,,,,FALSE,
,,FALSE,,,,,,,,,,,,1,,,,,,,,,,,,,,,,,,,,FALSE,
,,FALSE,,,,,,,,,,,,1,,,,,,,,,,,,,,,,,,,,FALSE,
,,FALSE,,,,,,,,,,,,1,,,,,,,,,,,,,,,,,,,,FALSE,
,,FALSE,,,,,,,,,,,,1,,,,,,,,,,,,,,,,,,,,FALSE,
,,FALSE,,,,,,,,,,,,1,,,,,,,,,,,,,,,,,,,,FALSE,
,,FALSE,,,,,,,,,,,,1,,,,,,,,,,,,,,,,,,,,FALSE,
,,FALSE,,,,,,,,,,,,1,,,,,,,,,,,,,,,,,,,,FALSE,
,,FALSE,,,,,,,,,,,,1,,,,,,,,,,,,,,,,,,,,FALSE,
,,FALSE,,,,,,,,,,,,1,,,,,,,,,,,,,,,,,,,,FALSE,
,,FALSE,,,,,,,,,,,,1,,,,,,,,,,,,,,,,,,,,FALSE,
,,FALSE,,,,,,,,,,,,1,,,,,,,,,,,,,,,,,,,,FALSE,
,,FALSE,,,,,,,,,,,,1,,,,,,,,,,,,,,,,,,,,FALSE,
,,FALSE,,,,,,,,,,,,1,,,,,,,,,,,,,,,,,,,,FALSE,
,,FALSE,,,,,,,,,,,,1,,,,,,,,,,,,,,,,,,,,FALSE,
,,FALSE,,,,,,,,,,,,1,,,,,,,,,,,,,,,,,,,,FALSE,
,,FALSE,,,,,,,,,,,,1,,,,,,,,,,,,,,,,,,,,FALSE,
,,FALSE,,,,,,,,,,,,1,,,,,,,,,,,,,,,,,,,,FALSE,
,,FALSE,,,,,,,,,,,,1,,,,,,,,,,,,,,,,,,,,FALSE,
,,FALSE,,,,,,,,,,,,1,,,,,,,,,,,,,,,,,,,,FALSE,
,,FALSE,,,,,,,,,,,,1,,,,,,,,,,,,,,,,,,,,FALSE,
,,FALSE,,,,,,,,,,,,1,,,,,,,,,,,,,,,,,,,,FALSE,
,,FALSE,,,,,,,,,,,,1,,,,,,,,,,,,,,,,,,,,FALSE,
,,FALSE,,,,,,,,,,,,1,,,,,,,,,,,,,,,,,,,,FALSE,
,,FALSE,,,,,,,,,,,,1,,,,,,,,,,,,,,,,,,,,FALSE,
,,FALSE,,,,,,,,,,,,1,,,,,,,,,,,,,,,,,,,,FALSE,
,,FALSE,,,,,,,,,,,,1,,,,,,,,,,,,,,,,,,,,FALSE,
,,FALSE,,,,,,,,,,,,1,,,,,,,,,,,,,,,,,,,,FALSE,
,,FALSE,,,,,,,,,,,,1,,,,,,,,,,,,,,,,,,,,FALSE,
,,FALSE,,,,,,,,,,,,1,,,,,,,,,,,,,,,,,,,,FALSE,
,,FALSE,,,,,,,,,,,,1,,,,,,,,,,,,,,,,,,,,FALSE,
,,FALSE,,,,,,,,,,,,1,,,,,,,,,,,,,,,,,,,,FALSE,
,,FALSE,,,,,,,,,,,,1,,,,,,,,,,,,,,,,,,,,FALSE,
,,FALSE,,,,,,,,,,,,1,,,,,,,,,,,,,,,,,,,,FALSE,
,,FALSE,,,,,,,,,,,,1,,,,,,,,,,,,,,,,,,,,FALSE,
,,FALSE,,,,,,,,,,,,1,,,,,,,,,,,,,,,,,,,,FALSE,
,,FALSE,,,,,,,,,,,,1,,,,,,,,,,,,,,,,,,,,FALSE,
,,FALSE,,,,,,,,,,,,1,,,,,,,,,,,,,,,,,,,,FALSE,
,,FALSE,,,,,,,,,,,,1,,,,,,,,,,,,,,,,,,,,FALSE,
,,FALSE,,,,,,,,,,,,1,,,,,,,,,,,,,,,,,,,,FALSE,
,,FALSE,,,,,,,,,,,,1,,,,,,,,,,,,,,,,,,,,FALSE,
,,FALSE,,,,,,,,,,,,1,,,,,,,,,,,,,,,,,,,,FALSE,
,,FALSE,,,,,,,,,,,,1,,,,,,,,,,,,,,,,,,,,FALSE,
,,FALSE,,,,,,,,,,,,1,,,,,,,,,,,,,,,,,,,,FALSE,
,,FALSE,,,,,,,,,,,,1,,,,,,,,,,,,,,,,,,,,FALSE,
,,FALSE,,,,,,,,,,,,1,,,,,,,,,,,,,,,,,,,,FALSE,
,,FALSE,,,,,,,,,,,,1,,,,,,,,,,,,,,,,,,,,FALSE,
,,FALSE,,,,,,,,,,,,1,,,,,,,,,,,,,,,,,,,,FALSE,
,,FALSE,,,,,,,,,,,,1,,,,,,,,,,,,,,,,,,,,FALSE,
,,FALSE,,,,,,,,,,,,1,,,,,,,,,,,,,,,,,,,,FALSE,
,,FALSE,,,,,,,,,,,,1,,,,,,,,,,,,,,,,,,,,FALSE,
,,FALSE,,,,,,,,,,,,1,,,,,,,,,,,,,,,,,,,,FALSE,
,,FALSE,,,,,,,,,,,,1,,,,,,,,,,,,,,,,,,,,FALSE,
,,FALSE,,,,,,,,,,,,1,,,,,,,,,,,,,,,,,,,,FALSE,
,,FALSE,,,,,,,,,,,,1,,,,,,,,,,,,,,,,,,,,FALSE,
,,FALSE,,,,,,,,,,,,1,,,,,,,,,,,,,,,,,,,,FALSE,
,,FALSE,,,,,,,,,,,,1,,,,,,,,,,,,,,,,,,,,FALSE,
,,FALSE,,,,,,,,,,,,1,,,,,,,,,,,,,,,,,,,,FALSE,
,,FALSE,,,,,,,,,,,,1,,,,,,,,,,,,,,,,,,,,FALSE,
,,FALSE,,,,,,,,,,,,1,,,,,,,,,,,,,,,,,,,,FALSE,
,,FALSE,,,,,,,,,,,,1,,,,,,,,,,,,,,,,,,,,FALSE,
,,FALSE,,,,,,,,,,,,1,,,,,,,,,,,,,,,,,,,,FALSE,
,,FALSE,,,,,,,,,,,,1,,,,,,,,,,,,,,,,,,,,FALSE,
,,FALSE,,,,,,,,,,,,1,,,,,,,,,,,,,,,,,,,,FALSE,
,,FALSE,,,,,,,,,,,,1,,,,,,,,,,,,,,,,,,,,FALSE,
,,FALSE,,,,,,,,,,,,1,,,,,,,,,,,,,,,,,,,,FALSE,
,,FALSE,,,,,,,,,,,,1,,,,,,,,,,,,,,,,,,,,FALSE,
,,FALSE,,,,,,,,,,,,1,,,,,,,,,,,,,,,,,,,,FALSE,
,,FALSE,,,,,,,,,,,,1,,,,,,,,,,,,,,,,,,,,FALSE,
,,FALSE,,,,,,,,,,,,1,,,,,,,,,,,,,,,,,,,,FALSE,
,,FALSE,,,,,,,,,,,,1,,,,,,,,,,,,,,,,,,,,FALSE,
,,FALSE,,,,,,,,,,,,1,,,,,,,,,,,,,,,,,,,,FALSE,
,,FALSE,,,,,,,,,,,,1,,,,,,,,,,,,,,,,,,,,FALSE,
,,FALSE,,,,,,,,,,,,1,,,,,,,,,,,,,,,,,,,,FALSE,
,,FALSE,,,,,,,,,,,,1,,,,,,,,,,,,,,,,,,,,FALSE,
,,FALSE,,,,,,,,,,,,1,,,,,,,,,,,,,,,,,,,,FALSE,
,,FALSE,,,,,,,,,,,,1,,,,,,,,,,,,,,,,,,,,FALSE,
,,FALSE,,,,,,,,,,,,1,,,,,,,,,,,,,,,,,,,,FALSE,
,,FALSE,,,,,,,,,,,,1,,,,,,,,,,,,,,,,,,,,FALSE,
,,FALSE,,,,,,,,,,,,1,,,,,,,,,,,,,,,,,,,,FALSE,
,,FALSE,,,,,,,,,,,,1,,,,,,,,,,,,,,,,,,,,FALSE,
,,FALSE,,,,,,,,,,,,1,,,,,,,,,,,,,,,,,,,,FALSE,
,,FALSE,,,,,,,,,,,,1,,,,,,,,,,,,,,,,,,,,FALSE,
,,FALSE,,,,,,,,,,,,1,,,,,,,,,,,,,,,,,,,,FALSE,
,,FALSE,,,,,,,,,,,,1,,,,,,,,,,,,,,,,,,,,FALSE,
,,FALSE,,,,,,,,,,,,1,,,,,,,,,,,,,,,,,,,,FALSE,
,,FALSE,,,,,,,,,,,,1,,,,,,,,,,,,,,,,,,,,FALSE,
,,FALSE,,,,,,,,,,,,1,,,,,,,,,,,,,,,,,,,,FALSE,
,,FALSE,,,,,,,,,,,,1,,,,,,,,,,,,,,,,,,,,FALSE,
,,FALSE,,,,,,,,,,,,1,,,,,,,,,,,,,,,,,,,,FALSE,
,,FALSE,,,,,,,,,,,,1,,,,,,,,,,,,,,,,,,,,FALSE,
,,FALSE,,,,,,,,,,,,1,,,,,,,,,,,,,,,,,,,,FALSE,
,,FALSE,,,,,,,,,,,,1,,,,,,,,,,,,,,,,,,,,FALSE,
,,FALSE,,,,,,,,,,,,1,,,,,,,,,,,,,,,,,,,,FALSE,
,,FALSE,,,,,,,,,,,,1,,,,,,,,,,,,,,,,,,,,FALSE,
,,FALSE,,,,,,,,,,,,1,,,,,,,,,,,,,,,,,,,,FALSE,
,,FALSE,,,,,,,,,,,,1,,,,,,,,,,,,,,,,,,,,FALSE,
,,FALSE,,,,,,,,,,,,1,,,,,,,,,,,,,,,,,,,,FALSE,
,,FALSE,,,,,,,,,,,,1,,,,,,,,,,,,,,,,,,,,FALSE,
,,FALSE,,,,,,,,,,,,1,,,,,,,,,,,,,,,,,,,,FALSE,
,,FALSE,,,,,,,,,,,,1,,,,,,,,,,,,,,,,,,,,FALSE,
,,FALSE,,,,,,,,,,,,1,,,,,,,,,,,,,,,,,,,,FALSE,
,,FALSE,,,,,,,,,,,,1,,,,,,,,,,,,,,,,,,,,FALSE,
,,FALSE,,,,,,,,,,,,1,,,,,,,,,,,,,,,,,,,,FALSE,
,,FALSE,,,,,,,,,,,,1,,,,,,,,,,,,,,,,,,,,FALSE,
,,FALSE,,,,,,,,,,,,1,,,,,,,,,,,,,,,,,,,,FALSE,
,,FALSE,,,,,,,,,,,,1,,,,,,,,,,,,,,,,,,,,FALSE,
,,FALSE,,,,,,,,,,,,1,,,,,,,,,,,,,,,,,,,,FALSE,
,,FALSE,,,,,,,,,,,,1,,,,,,,,,,,,,,,,,,,,FALSE,
,,FALSE,,,,,,,,,,,,1,,,,,,,,,,,,,,,,,,,,FALSE,
,,FALSE,,,,,,,,,,,,1,,,,,,,,,,,,,,,,,,,,FALSE,
,,FALSE,,,,,,,,,,,,1,,,,,,,,,,,,,,,,,,,,FALSE,
,,FALSE,,,,,,,,,,,,1,,,,,,,,,,,,,,,,,,,,FALSE,
,,FALSE,,,,,,,,,,,,1,,,,,,,,,,,,,,,,,,,,FALSE,
,,FALSE,,,,,,,,,,,,1,,,,,,,,,,,,,,,,,,,,FALSE,
,,FALSE,,,,,,,,,,,,1,,,,,,,,,,,,,,,,,,,,FALSE,
,,FALSE,,,,,,,,,,,,1,,,,,,,,,,,,,,,,,,,,FALSE,
,,FALSE,,,,,,,,,,,,1,,,,,,,,,,,,,,,,,,,,FALSE,
,,FALSE,,,,,,,,,,,,1,,,,,,,,,,,,,,,,,,,,FALSE,
,,FALSE,,,,,,,,,,,,1,,,,,,,,,,,,,,,,,,,,FALSE,
,,FALSE,,,,,,,,,,,,1,,,,,,,,,,,,,,,,,,,,FALSE,
,,FALSE,,,,,,,,,,,,1,,,,,,,,,,,,,,,,,,,,FALSE,
,,FALSE,,,,,,,,,,,,1,,,,,,,,,,,,,,,,,,,,FALSE,
,,FALSE,,,,,,,,,,,,1,,,,,,,,,,,,,,,,,,,,FALSE,
,,FALSE,,,,,,,,,,,,1,,,,,,,,,,,,,,,,,,,,FALSE,
,,FALSE,,,,,,,,,,,,1,,,,,,,,,,,,,,,,,,,,FALSE,
,,FALSE,,,,,,,,,,,,1,,,,,,,,,,,,,,,,,,,,FALSE,
,,FALSE,,,,,,,,,,,,1,,,,,,,,,,,,,,,,,,,,FALSE,
,,FALSE,,,,,,,,,,,,1,,,,,,,,,,,,,,,,,,,,FALSE,
,,FALSE,,,,,,,,,,,,1,,,,,,,,,,,,,,,,,,,,FALSE,
,,FALSE,,,,,,,,,,,,1,,,,,,,,,,,,,,,,,,,,FALSE,
,,FALSE,,,,,,,,,,,,1,,,,,,,,,,,,,,,,,,,,FALSE,
,,FALSE,,,,,,,,,,,,1,,,,,,,,,,,,,,,,,,,,FALSE,
,,FALSE,,,,,,,,,,,,1,,,,,,,,,,,,,,,,,,,,FALSE,
,,FALSE,,,,,,,,,,,,1,,,,,,,,,,,,,,,,,,,,FALSE,
,,FALSE,,,,,,,,,,,,1,,,,,,,,,,,,,,,,,,,,FALSE,
,,FALSE,,,,,,,,,,,,1,,,,,,,,,,,,,,,,,,,,FALSE,
,,FALSE,,,,,,,,,,,,1,,,,,,,,,,,,,,,,,,,,FALSE,
,,FALSE,,,,,,,,,,,,1,,,,,,,,,,,,,,,,,,,,FALSE,
,,FALSE,,,,,,,,,,,,1,,,,,,,,,,,,,,,,,,,,FALSE,
,,FALSE,,,,,,,,,,,,1,,,,,,,,,,,,,,,,,,,,FALSE,
,,FALSE,,,,,,,,,,,,1,,,,,,,,,,,,,,,,,,,,FALSE,
,,FALSE,,,,,,,,,,,,1,,,,,,,,,,,,,,,,,,,,FALSE,
,,FALSE,,,,,,,,,,,,1,,,,,,,,,,,,,,,,,,,,FALSE,
,,FALSE,,,,,,,,,,,,1,,,,,,,,,,,,,,,,,,,,FALSE,
,,FALSE,,,,,,,,,,,,1,,,,,,,,,,,,,,,,,,,,FALSE,
,,FALSE,,,,,,,,,,,,1,,,,,,,,,,,,,,,,,,,,FALSE,
,,FALSE,,,,,,,,,,,,1,,,,,,,,,,,,,,,,,,,,FALSE,
,,FALSE,,,,,,,,,,,,1,,,,,,,,,,,,,,,,,,,,FALSE,
,,FALSE,,,,,,,,,,,,1,,,,,,,,,,,,,,,,,,,,FALSE,
,,FALSE,,,,,,,,,,,,1,,,,,,,,,,,,,,,,,,,,FALSE,
,,FALSE,,,,,,,,,,,,1,,,,,,,,,,,,,,,,,,,,FALSE,
,,FALSE,,,,,,,,,,,,1,,,,,,,,,,,,,,,,,,,,FALSE,
,,FALSE,,,,,,,,,,,,1,,,,,,,,,,,,,,,,,,,,FALSE,
,,FALSE,,,,,,,,,,,,1,,,,,,,,,,,,,,,,,,,,FALSE,
,,FALSE,,,,,,,,,,,,1,,,,,,,,,,,,,,,,,,,,FALSE,
,,FALSE,,,,,,,,,,,,1,,,,,,,,,,,,,,,,,,,,FALSE,
,,FALSE,,,,,,,,,,,,1,,,,,,,,,,,,,,,,,,,,FALSE,
,,FALSE,,,,,,,,,,,,1,,,,,,,,,,,,,,,,,,,,FALSE,
,,FALSE,,,,,,,,,,,,1,,,,,,,,,,,,,,,,,,,,FALSE,
,,FALSE,,,,,,,,,,,,1,,,,,,,,,,,,,,,,,,,,FALSE,
,,FALSE,,,,,,,,,,,,1,,,,,,,,,,,,,,,,,,,,FALSE,
,,FALSE,,,,,,,,,,,,1,,,,,,,,,,,,,,,,,,,,FALSE,
,,FALSE,,,,,,,,,,,,1,,,,,,,,,,,,,,,,,,,,FALSE,
,,FALSE,,,,,,,,,,,,1,,,,,,,,,,,,,,,,,,,,FALSE,
,,FALSE,,,,,,,,,,,,1,,,,,,,,,,,,,,,,,,,,FALSE,
,,FALSE,,,,,,,,,,,,1,,,,,,,,,,,,,,,,,,,,FALSE,
,,FALSE,,,,,,,,,,,,1,,,,,,,,,,,,,,,,,,,,FALSE,
,,FALSE,,,,,,,,,,,,1,,,,,,,,,,,,,,,,,,,,FALSE,
,,FALSE,,,,,,,,,,,,1,,,,,,,,,,,,,,,,,,,,FALSE,
,,FALSE,,,,,,,,,,,,1,,,,,,,,,,,,,,,,,,,,FALSE,
,,FALSE,,,,,,,,,,,,1,,,,,,,,,,,,,,,,,,,,FALSE,
,,FALSE,,,,,,,,,,,,1,,,,,,,,,,,,,,,,,,,,FALSE,
,,FALSE,,,,,,,,,,,,1,,,,,,,,,,,,,,,,,,,,FALSE,
,,FALSE,,,,,,,,,,,,1,,,,,,,,,,,,,,,,,,,,FALSE,
,,FALSE,,,,,,,,,,,,1,,,,,,,,,,,,,,,,,,,,FALSE,
,,FALSE,,,,,,,,,,,,1,,,,,,,,,,,,,,,,,,,,FALSE,
,,FALSE,,,,,,,,,,,,1,,,,,,,,,,,,,,,,,,,,FALSE,
,,FALSE,,,,,,,,,,,,1,,,,,,,,,,,,,,,,,,,,FALSE,
,,FALSE,,,,,,,,,,,,1,,,,,,,,,,,,,,,,,,,,FALSE,
,,FALSE,,,,,,,,,,,,1,,,,,,,,,,,,,,,,,,,,FALSE,
,,FALSE,,,,,,,,,,,,1,,,,,,,,,,,,,,,,,,,,FALSE,
,,FALSE,,,,,,,,,,,,1,,,,,,,,,,,,,,,,,,,,FALSE,
,,FALSE,,,,,,,,,,,,1,,,,,,,,,,,,,,,,,,,,FALSE,
,,FALSE,,,,,,,,,,,,1,,,,,,,,,,,,,,,,,,,,FALSE,
,,FALSE,,,,,,,,,,,,1,,,,,,,,,,,,,,,,,,,,FALSE,
,,FALSE,,,,,,,,,,,,1,,,,,,,,,,,,,,,,,,,,FALSE,
,,FALSE,,,,,,,,,,,,1,,,,,,,,,,,,,,,,,,,,FALSE,
,,FALSE,,,,,,,,,,,,1,,,,,,,,,,,,,,,,,,,,FALSE,
,,FALSE,,,,,,,,,,,,1,,,,,,,,,,,,,,,,,,,,FALSE,
,,FALSE,,,,,,,,,,,,1,,,,,,,,,,,,,,,,,,,,FALSE,
,,FALSE,,,,,,,,,,,,1,,,,,,,,,,,,,,,,,,,,FALSE,
,,FALSE,,,,,,,,,,,,1,,,,,,,,,,,,,,,,,,,,FALSE,
,,FALSE,,,,,,,,,,,,1,,,,,,,,,,,,,,,,,,,,FALSE,
,,FALSE,,,,,,,,,,,,1,,,,,,,,,,,,,,,,,,,,FALSE,
,,FALSE,,,,,,,,,,,,1,,,,,,,,,,,,,,,,,,,,FALSE,
,,FALSE,,,,,,,,,,,,1,,,,,,,,,,,,,,,,,,,,FALSE,
,,FALSE,,,,,,,,,,,,1,,,,,,,,,,,,,,,,,,,,FALSE,
,,FALSE,,,,,,,,,,,,1,,,,,,,,,,,,,,,,,,,,FALSE,
,,FALSE,,,,,,,,,,,,1,,,,,,,,,,,,,,,,,,,,FALSE,
,,FALSE,,,,,,,,,,,,1,,,,,,,,,,,,,,,,,,,,FALSE,
,,FALSE,,,,,,,,,,,,1,,,,,,,,,,,,,,,,,,,,FALSE,
,,FALSE,,,,,,,,,,,,1,,,,,,,,,,,,,,,,,,,,FALSE,
,,FALSE,,,,,,,,,,,,1,,,,,,,,,,,,,,,,,,,,FALSE,
,,FALSE,,,,,,,,,,,,1,,,,,,,,,,,,,,,,,,,,FALSE,
,,FALSE,,,,,,,,,,,,1,,,,,,,,,,,,,,,,,,,,FALSE,
,,FALSE,,,,,,,,,,,,1,,,,,,,,,,,,,,,,,,,,FALSE,
,,FALSE,,,,,,,,,,,,1,,,,,,,,,,,,,,,,,,,,FALSE,
,,FALSE,,,,,,,,,,,,1,,,,,,,,,,,,,,,,,,,,FALSE,
,,FALSE,,,,,,,,,,,,1,,,,,,,,,,,,,,,,,,,,FALSE,
,,FALSE,,,,,,,,,,,,1,,,,,,,,,,,,,,,,,,,,FALSE,
,,FALSE,,,,,,,,,,,,1,,,,,,,,,,,,,,,,,,,,FALSE,
,,FALSE,,,,,,,,,,,,1,,,,,,,,,,,,,,,,,,,,FALSE,
,,FALSE,,,,,,,,,,,,1,,,,,,,,,,,,,,,,,,,,FALSE,
,,FALSE,,,,,,,,,,,,1,,,,,,,,,,,,,,,,,,,,FALSE,
,,FALSE,,,,,,,,,,,,1,,,,,,,,,,,,,,,,,,,,FALSE,
,,FALSE,,,,,,,,,,,,1,,,,,,,,,,,,,,,,,,,,FALSE,
,,FALSE,,,,,,,,,,,,1,,,,,,,,,,,,,,,,,,,,FALSE,
,,FALSE,,,,,,,,,,,,1,,,,,,,,,,,,,,,,,,,,FALSE,
,,FALSE,,,,,,,,,,,,1,,,,,,,,,,,,,,,,,,,,FALSE,
,,FALSE,,,,,,,,,,,,1,,,,,,,,,,,,,,,,,,,,FALSE,
,,FALSE,,,,,,,,,,,,1,,,,,,,,,,,,,,,,,,,,FALSE,
,,FALSE,,,,,,,,,,,,1,,,,,,,,,,,,,,,,,,,,FALSE,
,,FALSE,,,,,,,,,,,,1,,,,,,,,,,,,,,,,,,,,FALSE,
,,FALSE,,,,,,,,,,,,1,,,,,,,,,,,,,,,,,,,,FALSE,
,,FALSE,,,,,,,,,,,,1,,,,,,,,,,,,,,,,,,,,FALSE,
,,FALSE,,,,,,,,,,,,1,,,,,,,,,,,,,,,,,,,,FALSE,
,,FALSE,,,,,,,,,,,,1,,,,,,,,,,,,,,,,,,,,FALSE,
,,FALSE,,,,,,,,,,,,1,,,,,,,,,,,,,,,,,,,,FALSE,
,,FALSE,,,,,,,,,,,,1,,,,,,,,,,,,,,,,,,,,FALSE,
,,FALSE,,,,,,,,,,,,1,,,,,,,,,,,,,,,,,,,,FALSE,
,,FALSE,,,,,,,,,,,,1,,,,,,,,,,,,,,,,,,,,FALSE,
,,FALSE,,,,,,,,,,,,1,,,,,,,,,,,,,,,,,,,,FALSE,
,,FALSE,,,,,,,,,,,,1,,,,,,,,,,,,,,,,,,,,FALSE,
,,FALSE,,,,,,,,,,,,1,,,,,,,,,,,,,,,,,,,,FALSE,
,,FALSE,,,,,,,,,,,,1,,,,,,,,,,,,,,,,,,,,FALSE,
,,FALSE,,,,,,,,,,,,1,,,,,,,,,,,,,,,,,,,,FALSE,
,,FALSE,,,,,,,,,,,,1,,,,,,,,,,,,,,,,,,,,FALSE,
,,FALSE,,,,,,,,,,,,1,,,,,,,,,,,,,,,,,,,,FALSE,
,,FALSE,,,,,,,,,,,,1,,,,,,,,,,,,,,,,,,,,FALSE,
,,FALSE,,,,,,,,,,,,1,,,,,,,,,,,,,,,,,,,,FALSE,
,,FALSE,,,,,,,,,,,,1,,,,,,,,,,,,,,,,,,,,FALSE,
,,FALSE,,,,,,,,,,,,1,,,,,,,,,,,,,,,,,,,,FALSE,
,,FALSE,,,,,,,,,,,,1,,,,,,,,,,,,,,,,,,,,FALSE,
,,FALSE,,,,,,,,,,,,1,,,,,,,,,,,,,,,,,,,,FALSE,
,,FALSE,,,,,,,,,,,,1,,,,,,,,,,,,,,,,,,,,FALSE,
,,FALSE,,,,,,,,,,,,1,,,,,,,,,,,,,,,,,,,,FALSE,
,,FALSE,,,,,,,,,,,,1,,,,,,,,,,,,,,,,,,,,FALSE,
,,FALSE,,,,,,,,,,,,1,,,,,,,,,,,,,,,,,,,,FALSE,
,,FALSE,,,,,,,,,,,,1,,,,,,,,,,,,,,,,,,,,FALSE,
,,FALSE,,,,,,,,,,,,1,,,,,,,,,,,,,,,,,,,,FALSE,
,,FALSE,,,,,,,,,,,,1,,,,,,,,,,,,,,,,,,,,FALSE,
,,FALSE,,,,,,,,,,,,1,,,,,,,,,,,,,,,,,,,,FALSE,
,,FALSE,,,,,,,,,,,,1,,,,,,,,,,,,,,,,,,,,FALSE,
,,FALSE,,,,,,,,,,,,1,,,,,,,,,,,,,,,,,,,,FALSE,
,,FALSE,,,,,,,,,,,,1,,,,,,,,,,,,,,,,,,,,FALSE,
,,FALSE,,,,,,,,,,,,1,,,,,,,,,,,,,,,,,,,,FALSE,
,,FALSE,,,,,,,,,,,,1,,,,,,,,,,,,,,,,,,,,FALSE,
,,FALSE,,,,,,,,,,,,1,,,,,,,,,,,,,,,,,,,,FALSE,
,,FALSE,,,,,,,,,,,,1,,,,,,,,,,,,,,,,,,,,FALSE,
,,FALSE,,,,,,,,,,,,1,,,,,,,,,,,,,,,,,,,,FALSE,
,,FALSE,,,,,,,,,,,,1,,,,,,,,,,,,,,,,,,,,FALSE,
,,FALSE,,,,,,,,,,,,1,,,,,,,,,,,,,,,,,,,,FALSE,
,,FALSE,,,,,,,,,,,,1,,,,,,,,,,,,,,,,,,,,FALSE,
,,FALSE,,,,,,,,,,,,1,,,,,,,,,,,,,,,,,,,,FALSE,
,,FALSE,,,,,,,,,,,,1,,,,,,,,,,,,,,,,,,,,FALSE,
,,FALSE,,,,,,,,,,,,1,,,,,,,,,,,,,,,,,,,,FALSE,
,,FALSE,,,,,,,,,,,,1,,,,,,,,,,,,,,,,,,,,FALSE,
,,FALSE,,,,,,,,,,,,1,,,,,,,,,,,,,,,,,,,,FALSE,
,,FALSE,,,,,,,,,,,,1,,,,,,,,,,,,,,,,,,,,FALSE,
,,FALSE,,,,,,,,,,,,1,,,,,,,,,,,,,,,,,,,,FALSE,
,,FALSE,,,,,,,,,,,,1,,,,,,,,,,,,,,,,,,,,FALSE,
,,FALSE,,,,,,,,,,,,1,,,,,,,,,,,,,,,,,,,,FALSE,
,,FALSE,,,,,,,,,,,,1,,,,,,,,,,,,,,,,,,,,FALSE,
,,FALSE,,,,,,,,,,,,1,,,,,,,,,,,,,,,,,,,,FALSE,
,,FALSE,,,,,,,,,,,,1,,,,,,,,,,,,,,,,,,,,FALSE,
,,FALSE,,,,,,,,,,,,1,,,,,,,,,,,,,,,,,,,,FALSE,
,,FALSE,,,,,,,,,,,,1,,,,,,,,,,,,,,,,,,,,FALSE,
,,FALSE,,,,,,,,,,,,1,,,,,,,,,,,,,,,,,,,,FALSE,
,,FALSE,,,,,,,,,,,,1,,,,,,,,,,,,,,,,,,,,FALSE,
,,FALSE,,,,,,,,,,,,1,,,,,,,,,,,,,,,,,,,,FALSE,
,,FALSE,,,,,,,,,,,,1,,,,,,,,,,,,,,,,,,,,FALSE,
,,FALSE,,,,,,,,,,,,1,,,,,,,,,,,,,,,,,,,,FALSE,
,,FALSE,,,,,,,,,,,,1,,,,,,,,,,,,,,,,,,,,FALSE,
,,FALSE,,,,,,,,,,,,1,,,,,,,,,,,,,,,,,,,,FALSE,
,,FALSE,,,,,,,,,,,,1,,,,,,,,,,,,,,,,,,,,FALSE,
,,FALSE,,,,,,,,,,,,1,,,,,,,,,,,,,,,,,,,,FALSE,
,,FALSE,,,,,,,,,,,,1,,,,,,,,,,,,,,,,,,,,FALSE,
,,FALSE,,,,,,,,,,,,1,,,,,,,,,,,,,,,,,,,,FALSE,
,,FALSE,,,,,,,,,,,,1,,,,,,,,,,,,,,,,,,,,FALSE,
,,FALSE,,,,,,,,,,,,1,,,,,,,,,,,,,,,,,,,,FALSE,
,,FALSE,,,,,,,,,,,,1,,,,,,,,,,,,,,,,,,,,FALSE,
,,FALSE,,,,,,,,,,,,1,,,,,,,,,,,,,,,,,,,,FALSE,
,,FALSE,,,,,,,,,,,,1,,,,,,,,,,,,,,,,,,,,FALSE,
,,FALSE,,,,,,,,,,,,1,,,,,,,,,,,,,,,,,,,,FALSE,
,,FALSE,,,,,,,,,,,,1,,,,,,,,,,,,,,,,,,,,FALSE,
,,FALSE,,,,,,,,,,,,1,,,,,,,,,,,,,,,,,,,,FALSE,
,,FALSE,,,,,,,,,,,,1,,,,,,,,,,,,,,,,,,,,FALSE,
,,FALSE,,,,,,,,,,,,1,,,,,,,,,,,,,,,,,,,,FALSE,
,,FALSE,,,,,,,,,,,,1,,,,,,,,,,,,,,,,,,,,FALSE,
,,FALSE,,,,,,,,,,,,1,,,,,,,,,,,,,,,,,,,,FALSE,
,,FALSE,,,,,,,,,,,,1,,,,,,,,,,,,,,,,,,,,FALSE,
,,FALSE,,,,,,,,,,,,1,,,,,,,,,,,,,,,,,,,,FALSE,
,,FALSE,,,,,,,,,,,,1,,,,,,,,,,,,,,,,,,,,FALSE,
,,FALSE,,,,,,,,,,,,1,,,,,,,,,,,,,,,,,,,,FALSE,
,,FALSE,,,,,,,,,,,,1,,,,,,,,,,,,,,,,,,,,FALSE,
,,FALSE,,,,,,,,,,,,1,,,,,,,,,,,,,,,,,,,,FALSE,
,,FALSE,,,,,,,,,,,,1,,,,,,,,,,,,,,,,,,,,FALSE,
,,FALSE,,,,,,,,,,,,1,,,,,,,,,,,,,,,,,,,,FALSE,
,,FALSE,,,,,,,,,,,,1,,,,,,,,,,,,,,,,,,,,FALSE,